tax	barcode01	barcode02	barcode03	barcode04	barcode05	total
Unclassified;Unknown;Unknown;Unknown;Unknown;Unknown;Unknown	1562.0	1114.0	1274.0	7802.0	10020.0	21772.0
Eukaryota;Fungi;Ascomycota;Sordariomycetes;Glomerellales;Plectosphaerellaceae;Plectosphaerella	5009.0	6264.0	5277.0	2.0	0.0	16552.0
Eukaryota;Fungi;Ascomycota;Sordariomycetes;Glomerellales;Glomerellaceae;Colletotrichum	1110.0	308.0	1078.0	1.0	0.0	2497.0
Eukaryota;Chloroplastida;Phragmoplastophyta;Embryophyta;Solanales;Solanales_Incertae_sedis;Solanum	214.0	102.0	190.0	0.0	0.0	506.0
Eukaryota;Fungi;Basidiomycota;Agaricomycetes;Cantharellales;Ceratobasidiaceae;Thanatephorus	74.0	76.0	137.0	0.0	0.0	287.0
Eukaryota;Fungi;Ascomycota;Sordariomycetes;Glomerellales;Plectosphaerellaceae;Verticillium	112.0	89.0	85.0	0.0	0.0	286.0
Eukaryota;Fungi;Ascomycota;Dothideomycetes;Pleosporales;Pleosporaceae;Alternaria	61.0	47.0	34.0	0.0	0.0	142.0
Eukaryota;Chloroplastida;Phragmoplastophyta;Embryophyta;Solanales;Solanales_Incertae_sedis;Nicotiana	15.0	16.0	7.0	0.0	0.0	38.0
Eukaryota;Fungi;Ascomycota;Sordariomycetes;Hypocreales;Stachybotryaceae;Myrothecium	7.0	4.0	15.0	0.0	0.0	26.0
Eukaryota;Fungi;Ascomycota;Dothideomycetes;Capnodiales;Cladosporiaceae;Cladosporium	5.0	5.0	8.0	0.0	0.0	18.0
Eukaryota;Fungi;Ascomycota;Saccharomycetes;Saccharomycetales;Debaryomycetaceae;Debaryomyces	6.0	8.0	2.0	0.0	0.0	16.0
Eukaryota;Fungi;Basidiomycota;Agaricomycetes;Cantharellales;Ceratobasidiaceae;Rhizoctonia	1.0	3.0	11.0	0.0	0.0	15.0
Eukaryota;Fungi;Ascomycota;Dothideomycetes;Pleosporales;Didymellaceae;Ascochyta	8.0	5.0	2.0	0.0	0.0	15.0
Eukaryota;Chloroplastida;Phragmoplastophyta;Embryophyta;Unclassified_Embryophyta_(c);Unclassified_Embryophyta_(c);Unclassified_Embryophyta_(c)	1.0	1.0	0.0	0.0	0.0	2.0
Eukaryota;Fungi;Ascomycota;Dothideomycetes;Pleosporales;Didymellaceae;Didymella	0.0	2.0	0.0	0.0	0.0	2.0
Eukaryota;Fungi;Ascomycota;Dothideomycetes;Pleosporales;Pleosporaceae;Curvularia	0.0	2.0	0.0	0.0	0.0	2.0
Eukaryota;Chloroplastida;Phragmoplastophyta;Embryophyta;Solanales;Solanales_Incertae_sedis;Ipomoea	0.0	1.0	0.0	0.0	0.0	1.0
Eukaryota;Chloroplastida;Phragmoplastophyta;Embryophyta;Malvales;Malvales_Incertae_sedis;Gossypium	1.0	0.0	0.0	0.0	0.0	1.0
Eukaryota;Fungi;Ascomycota;Dothideomycetes;Pleosporales;Didymellaceae;Boeremia	0.0	0.0	1.0	0.0	0.0	1.0
Eukaryota;Fungi;Ascomycota;Pezizomycetes;Pezizales;Pyronemataceae;Lasiobolidium	1.0	0.0	0.0	0.0	0.0	1.0
Eukaryota;Fungi;Ascomycota;Dothideomycetes;Pleosporales;Didymellaceae;Neoascochyta	1.0	0.0	0.0	0.0	0.0	1.0
Eukaryota;Fungi;Basidiomycota;Microbotryomycetes;Incertae Sedis;Incertae Sedis;Curvibasidium	1.0	0.0	0.0	0.0	0.0	1.0
Eukaryota;Fungi;Basidiomycota;Tremellomycetes;Tremellales;Bulleribasidiaceae;Vishniacozyma	0.0	1.0	0.0	0.0	0.0	1.0
