tax	rep2	total
Bacteria;Bacteria_none;Firmicutes;Negativicutes;Veillonellales-Selenomonadales;Veillonellaceae;Veillonella	19662.0	19662.0
Bacteria;Bacteria_none;Bacteroidota;Bacteroidia;Bacteroidales;Bacteroidaceae;Bacteroides	15226.0	15226.0
Bacteria;Bacteria_none;Firmicutes;Clostridia;Oscillospirales;Ruminococcaceae;Faecalibacterium	14096.0	14096.0
Unclassified;Unknown;Unknown;Unknown;Unknown;Unknown;Unknown	12538.0	12538.0
Bacteria;Bacteria_none;Proteobacteria;Gammaproteobacteria;Enterobacterales;Enterobacteriaceae;Escherichia-Shigella	7858.0	7858.0
Bacteria;Bacteria_none;Bacteroidota;Bacteroidia;Bacteroidales;Prevotellaceae;Prevotella	6528.0	6528.0
Bacteria;Bacteria_none;Firmicutes;Clostridia;Peptostreptococcales-Tissierellales;Peptostreptococcaceae;Clostridioides	3748.0	3748.0
Bacteria;Bacteria_none;Firmicutes;Clostridia;Lachnospirales;Lachnospiraceae;Roseburia	1888.0	1888.0
Bacteria;Bacteria_none;Actinobacteriota;Actinobacteria;Bifidobacteriales;Bifidobacteriaceae;Bifidobacterium	1738.0	1738.0
Bacteria;Bacteria_none;Fusobacteriota;Fusobacteriia;Fusobacteriales;Fusobacteriaceae;Fusobacterium	1652.0	1652.0
Bacteria;Bacteria_none;Firmicutes;Bacilli;Lactobacillales;Lactobacillaceae;Limosilactobacillus	780.0	780.0
Bacteria;Bacteria_none;Verrucomicrobiota;Verrucomicrobiae;Verrucomicrobiales;Akkermansiaceae;Akkermansia	598.0	598.0
Bacteria;Bacteria_none;Firmicutes;Clostridia;Lachnospirales;Lachnospiraceae;Lachnospiraceae UCG-008	26.0	26.0
Bacteria;Bacteria_none;Proteobacteria;Gammaproteobacteria;Enterobacterales;Enterobacteriaceae;Salmonella	12.0	12.0
Bacteria;Bacteria_none;Firmicutes;Clostridia;Oscillospirales;Ruminococcaceae;Ruminococcus	8.0	8.0
Bacteria;Bacteria_none;Actinobacteriota;Actinobacteria;Bifidobacteriales;Bifidobacteriaceae;Gardnerella	4.0	4.0
Bacteria;Bacteria_none;Firmicutes;Clostridia;Lachnospirales;Lachnospiraceae;Lachnospiraceae NC2004 group	4.0	4.0
Bacteria;Bacteria_none;Firmicutes;Bacilli;Lactobacillales;Enterococcaceae;Enterococcus	2.0	2.0
